{
  "classes": ["ITEM", "QTY", "PRICE", "O"],
  "class_log_prior": [-1.3862943611198906, -1.3862943611198906, -1.3862943611198906, -1.3862943611198906],
  "feature_names": [
    "word",
    "is_digit",
    "is_price_fmt",
    "is_unit",
    "prefix_beli",
    "prev_is_digit",
    "in_material",
    "in_food",
    "in_grocery"
  ],
  "feature_log_prob": [
    [-0.69314718, -2.30258509, -2.30258509, -2.30258509, -2.30258509, -2.30258509, -0.69314718, -0.69314718, -0.69314718],
    [-0.69314718, -0.40546511, -2.30258509, -0.69314718, -2.30258509, -0.40546511, -2.30258509, -2.30258509, -2.30258509],
    [-0.69314718, -2.30258509, -0.40546511, -2.30258509, -2.30258509, -2.30258509, -2.30258509, -2.30258509, -2.30258509],
    [-0.69314718, -2.30258509, -2.30258509, -2.30258509, -2.30258509, -2.30258509, -2.30258509, -2.30258509, -2.30258509]
  ]
}
